[
  {
    "id": "161c91ed-5bf4-4ccc-b5c9-d719e0700769",
    "data": [
      {
        "text": "다음 결과를 읽어줘",
        "userDefined": false
      }
    ],
    "isTemplate": false,
    "count": 0,
    "updated": 1497445138
  },
  {
    "id": "78c9a739-6eca-495c-ae4e-1b9b615f552c",
    "data": [
      {
        "text": "다음을 보여줘",
        "userDefined": false
      }
    ],
    "isTemplate": false,
    "count": 1,
    "updated": 1497445138
  },
  {
    "id": "ddb9c392-946d-4b1d-889e-632e8402bda0",
    "data": [
      {
        "text": "다음 페이지로 이동",
        "userDefined": false
      }
    ],
    "isTemplate": false,
    "count": 0,
    "updated": 1497445138
  },
  {
    "id": "8ba2c63c-fe92-4c45-bd55-d6aae4702c4a",
    "data": [
      {
        "text": "앞으로",
        "userDefined": false
      }
    ],
    "isTemplate": false,
    "count": 0,
    "updated": 1497445138
  },
  {
    "id": "2df59855-4ae5-4865-a505-a7e9bdbc23dd",
    "data": [
      {
        "text": "다음 결과를 보여줘",
        "userDefined": false
      }
    ],
    "isTemplate": false,
    "count": 0,
    "updated": 1497445138
  },
  {
    "id": "485f656b-df04-4875-b6cb-180689590838",
    "data": [
      {
        "text": "다음으로 이동",
        "userDefined": false
      }
    ],
    "isTemplate": false,
    "count": 0,
    "updated": 1497445138
  },
  {
    "id": "69bce347-7b1e-44b1-972f-844cfd10cf62",
    "data": [
      {
        "text": "다음",
        "userDefined": false
      }
    ],
    "isTemplate": false,
    "count": 0,
    "updated": 1497445138
  },
  {
    "id": "64efa868-0cac-4f45-9c2f-2825a5bc20d5",
    "data": [
      {
        "text": "다음 결과",
        "userDefined": false
      }
    ],
    "isTemplate": false,
    "count": 1,
    "updated": 1497445138
  },
  {
    "id": "9a97e38f-831e-4afb-bc72-9787e161d395",
    "data": [
      {
        "text": "다음 페이지를 보여줘",
        "userDefined": false
      }
    ],
    "isTemplate": false,
    "count": 0,
    "updated": 1497445138
  },
  {
    "id": "015e52c0-024c-458e-87d4-afdfa26cee1e",
    "data": [
      {
        "text": "다음 페이지",
        "userDefined": false
      }
    ],
    "isTemplate": false,
    "count": 1,
    "updated": 1497445138
  }
]