[
  {
    "id": "31d22d14-a558-4fd5-906d-5ba7c479cf92",
    "data": [
      {
        "text": "구글아",
        "userDefined": false
      }
    ],
    "isTemplate": false,
    "count": 0
  },
  {
    "id": "fa7acc4a-2f6f-426b-b963-e96803a95bc1",
    "data": [
      {
        "text": "hello",
        "userDefined": false
      }
    ],
    "isTemplate": false,
    "count": 0
  },
  {
    "id": "6101fa6a-3c1c-4c40-801b-0350b30e4995",
    "data": [
      {
        "text": "안녕하세요",
        "userDefined": false
      }
    ],
    "isTemplate": false,
    "count": 0
  },
  {
    "id": "e4620bcf-da68-446d-81fb-2d9f5e1e830c",
    "data": [
      {
        "text": "안녕",
        "userDefined": false
      }
    ],
    "isTemplate": false,
    "count": 0
  }
]