[
  {
    "id": "3fb421a0-741d-42a7-8bbb-d70879ee9a14",
    "data": [
      {
        "text": "영화 상영 시간",
        "userDefined": false
      },
      {
        "text": "이",
        "meta": "@sys.ignore",
        "userDefined": false
      },
      {
        "text": " 어떻게 돼?",
        "userDefined": false
      }
    ],
    "isTemplate": false,
    "count": 0
  },
  {
    "id": "0bfbeab0-a7db-439f-8e7e-afdfe71e41f0",
    "data": [
      {
        "text": "영화 상영 정보 좀",
        "userDefined": false
      }
    ],
    "isTemplate": false,
    "count": 0
  },
  {
    "id": "9f66c82e-462e-4624-a329-55905f0a88cc",
    "data": [
      {
        "text": "영화 시간표 알려줘",
        "userDefined": false
      }
    ],
    "isTemplate": false,
    "count": 0
  }
]